{"stats":{"minecraft:picked_up":{"minecraft:birch_log":1,"minecraft:charcoal":63,"minecraft:bee_nest":1,"minecraft:magma_cream":1,"minecraft:leather":1,"minecraft:oak_log":9,"minecraft:gunpowder":2,"minecraft:dirt":1,"minecraft:raw_copper":1,"minecraft:bone":1,"minecraft:blue_orchid":1,"minecraft:wheat_seeds":1,"alexsmobs:blobfish":1,"iceandfire:pixie_dust":1,"minecraft:stick":10,"minecraft:cooked_porkchop":8,"croptopia:plum":3,"minecraft:spruce_stairs":1,"quark:pink_blossom_sapling":1,"minecraft:amethyst_shard":1,"minecraft:leather_helmet":1,"minecraft:arrow":3,"minecraft:rotten_flesh":5,"minecraft:tropical_fish":1,"minecraft:peony":11,"minecraft:oak_sapling":3,"minecraft:coal":8,"alexsmobs:kangaroo_meat":64},"minecraft:killed":{"enemyexpansion:senior":1,"enemyexpansion:tarantula":1,"minecraft:spider":1,"enemyexpansion:direwolf":2,"minecraft:creeper":2,"minecraft:zombie":1,"iceandfire:pixie":1},"minecraft:custom":{"minecraft:interact_with_furnace":3,"minecraft:mob_kills":9,"minecraft:open_barrel":2,"minecraft:damage_dealt_resisted":66,"minecraft:eat_cake_slice":8,"minecraft:leave_game":2,"minecraft:time_since_death":289868,"minecraft:time_since_rest":289896,"minecraft:sprint_one_cm":33270,"minecraft:walk_one_cm":159121,"minecraft:damage_taken":350,"minecraft:drop":7,"minecraft:damage_dealt":2089,"minecraft:talked_to_villager":1,"minecraft:fly_one_cm":896542,"minecraft:crouch_one_cm":2903,"minecraft:play_time":318152,"minecraft:deaths":1,"minecraft:sneak_time":6227,"minecraft:jump":324,"minecraft:walk_on_water_one_cm":28,"minecraft:total_world_time":318152,"minecraft:fall_one_cm":4709},"minecraft:dropped":{"minecraft:cooked_porkchop":4,"minecraft:leather":1,"minecraft:tropical_fish":1,"minecraft:spruce_stairs":1},"minecraft:used":{"morevillagers:woodworking_table":3,"immersive_weathering:waxed_weathered_iron_bars":8,"minecraft:netherite_sword":5,"minecraft:polished_granite_stairs":5,"supplementaries:copper_lantern":7,"jmc:cake_oven":2,"minecraft:dirt_path":118,"jmc:birthday_cake":1,"minecraft:flint_and_steel":41,"iceandfire:pixie_house_spruce":1,"jmc:ice_cake":1,"quark:framed_glass_pane":12,"quark:white_framed_glass_pane":45,"minecraft:spruce_slab":480,"cfm:brown_cooler":6,"minecraft:lime_wool":6,"cfm:spruce_cabinet":2,"minecraft:oak_sign":2,"minecraft:white_concrete_powder":1,"minecraft:spruce_planks":556,"cfm:stripped_acacia_chair":1,"minecraft:stone":87,"quark:red_blossom_hedge":1,"cfm:spruce_kitchen_counter":4,"iceandfire:pixie_house_oak":1,"cfm:stripped_spruce_table":10,"cfm:stripped_spruce_coffee_table":9,"minecraft:diamond_axe":10,"minecraft:spruce_fence_gate":6,"cfm:stripped_spruce_chair":10,"minecraft:oak_leaves":22,"quark:granite_bricks":23,"minecraft:white_wool":40,"gateways:gate_pearl":2,"spartanweaponry:netherite_longsword":2,"iceandfire:podium_spruce":2,"immersive_weathering:rooted_grass_block":4,"minecraft:lily_of_the_valley":2,"minecraft:white_carpet":14,"spartanweaponry:wooden_saber":4,"cfm:trampoline":9,"cfm:oak_blinds":7,"minecraft:brick_slab":12,"minecraft:spruce_stairs":301,"minecraft:cobblestone_wall":1,"iceandfire:pixie_jar_4":2,"minecraft:campfire":45,"cfm:stripped_spruce_kitchen_drawer":4,"iceandfire:pixie_jar_2":1,"minecraft:pink_carpet":9,"minecraft:gray_concrete":793,"iceandfire:pixie_jar_0":1,"minecraft:spruce_fence":108,"adchimneys:stone_chimney":6,"adchimneys:metal_vent":8,"cfm:spruce_upgraded_gate":3,"minecraft:dark_oak_door":1,"minecraft:stripped_spruce_log":487,"cfm:stripped_spruce_cabinet":14,"quark:stripped_spruce_post":24,"supplementaries:flower_box":14,"immersive_weathering:waxed_weathered_iron_door":1,"quark:white_framed_glass":15,"iceandfire:dragonscale_white":11,"cold_sweat:hearth":2,"minecraft:bricks":74,"minecraft:diamond_shovel":33,"jmc:honey_cake":2,"minecraft:spruce_wood":20,"adchimneys:metal_pump":8,"minecraft:red_wool":22,"quark:blossom_door":3,"minecraft:lantern":26,"minecraft:grass_block":192,"minecraft:blue_orchid":1,"minecraft:brick_stairs":42,"minecraft:stone_button":3,"cfm:fridge_dark":2,"cfm:oak_upgraded_fence":3,"immersive_weathering:azalea_flower_pile":3,"minecraft:polished_granite":5,"minecraft:spruce_trapdoor":107,"minecraft:gray_concrete_powder":7,"cold_sweat:boiler":2,"cfm:stripped_spruce_kitchen_counter":14,"minecraft:barrel":18,"minecraft:stone_bricks":140,"minecraft:yellow_wool":5,"cfm:stripped_spruce_blinds":40,"minecraft:light_gray_wool":20,"minecraft:red_carpet":24,"iceandfire:burnt_torch":1,"cfm:stripped_spruce_upgraded_fence":109,"minecraft:wooden_sword":1,"cfm:gray_grill":2,"minecraft:cobblestone":111,"minecraft:hay_block":18,"alexsmobs:spawn_egg_blobfish":1,"quark:granite_bricks_slab":3,"minecraft:furnace":1,"cfm:stripped_spruce_kitchen_sink_light":2,"jmc:sprinkle_cake":2,"minecraft:white_concrete":160,"quark:iron_pillar":19,"immersive_weathering:mossy_stone_slab":15}},"DataVersion":2975}