{"stats":{"minecraft:crafted":{"iceandfire:copper_ingot":6,"minecraft:oak_planks":24,"minecraft:crafting_table":1,"minecraft:wooden_pickaxe":1,"spartanshields:wooden_tower_shield":1,"minecraft:furnace":4,"iceandfire:armor_copper_metal_leggings":1,"minecraft:copper_ingot":28,"minecraft:bucket":2,"minecraft:stone_axe":1,"iceandfire:armor_copper_metal_boots":1,"minecraft:air":0,"iceandfire:armor_copper_metal_helmet":1,"minecraft:shield":1,"minecraft:stick":8,"spartanshields:copper_tower_shield":1,"minecraft:iron_ingot":6,"iceandfire:armor_copper_metal_chestplate":1,"minecraft:stone_pickaxe":2},"minecraft:mined":{"iceandfire:silver_ore":1,"minecraft:crafting_table":7,"minecraft:grass_block":2,"minecraft:copper_ore":38,"minecraft:cobblestone":1,"minecraft:spawner":1,"supplementaries:urn":1,"minecraft:furnace":8,"iceandfire:copper_ore":8,"immersive_weathering:mossy_stone":1,"minecraft:iron_ore":63,"minecraft:grass":2,"minecraft:pointed_dripstone":4,"minecraft:oak_log":51,"minecraft:coal_ore":59,"minecraft:dirt":8,"quark:yellow_corundum_cluster":2,"minecraft:stone":70,"quark:violet_corundum_cluster":1,"minecraft:oak_leaves":10,"minecraft:deepslate":1,"immersive_weathering:oak_leaf_pile":3},"minecraft:killed":{"minecraft:witch":1,"enemyexpansion:tarantula":6,"minecraft:skeleton":1,"enemyexpansion:slugger":1},"minecraft:dropped":{"minecraft:wheat_seeds":1,"minecraft:cobbled_deepslate":1,"minecraft:pointed_dripstone":5,"minecraft:leather_helmet":1,"minecraft:leather_boots":1},"minecraft:used":{"minecraft:water_bucket":1,"minecraft:stone_pickaxe":234,"minecraft:wooden_pickaxe":27,"iceandfire:silver_ore":1,"immersive_weathering:mossy_stone":1,"minecraft:crafting_table":7,"quark:yellow_corundum_cluster":2,"minecraft:bread":5,"spartanshields:copper_tower_shield":2,"quark:violet_corundum_cluster":1,"minecraft:stone_axe":78,"minecraft:wooden_sword":24,"minecraft:cobblestone":6,"minecraft:furnace":8,"minecraft:bucket":2},"minecraft:broken":{"minecraft:stone_pickaxe":1},"minecraft:custom":{"minecraft:interact_with_furnace":27,"minecraft:mob_kills":9,"minecraft:interact_with_crafting_table":14,"minecraft:leave_game":2,"minecraft:time_since_death":29956,"minecraft:time_since_rest":29956,"minecraft:sprint_one_cm":18697,"minecraft:damage_taken":304,"minecraft:walk_one_cm":68539,"minecraft:damage_blocked_by_shield":75,"minecraft:drop":5,"minecraft:damage_dealt":2267,"minecraft:swim_one_cm":2459,"minecraft:fly_one_cm":19691,"minecraft:open_chest":2,"minecraft:crouch_one_cm":3910,"minecraft:play_time":29956,"minecraft:sneak_time":1631,"minecraft:walk_under_water_one_cm":5772,"minecraft:jump":251,"minecraft:walk_on_water_one_cm":8566,"minecraft:total_world_time":29956,"minecraft:fall_one_cm":4462},"minecraft:picked_up":{"iceandfire:copper_ingot":2,"immersive_weathering:mossy_stone":1,"minecraft:crafting_table":7,"iceandfire:copper_ore":8,"minecraft:oak_log":51,"minecraft:string":5,"minecraft:dirt":10,"minecraft:raw_copper":144,"minecraft:bone":2,"minecraft:wheat_seeds":1,"minecraft:cobbled_deepslate":2,"minecraft:iron_ingot":12,"minecraft:furnace":8,"minecraft:raw_iron":63,"minecraft:stick":1,"minecraft:copper_ingot":100,"iceandfire:silver_ore":1,"quark:yellow_corundum_cluster":2,"minecraft:pointed_dripstone":5,"minecraft:redstone":2,"minecraft:spider_eye":1,"minecraft:arrow":2,"quark:violet_corundum_cluster":1,"supplementaries:ash":6,"minecraft:coal":59,"minecraft:cobblestone":71}},"DataVersion":2975}