{"stats":{"minecraft:mined":{"supplementaries:urn":1},"minecraft:picked_up":{"minecraft:andesite":1,"minecraft:wooden_pickaxe":1,"iceandfire:dragonegg_red":1,"minecraft:bone":4,"minecraft:arrow":7,"minecraft:cobbled_deepslate":10,"minecraft:bamboo":3,"minecraft:cobblestone":3,"minecraft:ender_pearl":1},"minecraft:custom":{"minecraft:time_since_rest":196530,"minecraft:interact_with_furnace":1,"minecraft:sprint_one_cm":34102,"minecraft:damage_taken":50,"minecraft:walk_one_cm":62237,"minecraft:mob_kills":18,"minecraft:drop":2,"minecraft:damage_dealt":2890,"minecraft:damage_dealt_absorbed":386,"minecraft:fly_one_cm":257310,"minecraft:open_barrel":4,"minecraft:crouch_one_cm":962,"minecraft:play_time":196530,"minecraft:sneak_time":1929,"minecraft:walk_under_water_one_cm":3480,"minecraft:jump":169,"minecraft:leave_game":5,"minecraft:walk_on_water_one_cm":3929,"minecraft:time_since_death":196530,"minecraft:climb_one_cm":5796,"minecraft:total_world_time":196530,"minecraft:fall_one_cm":2335},"minecraft:killed":{"minecraft:skeleton":1,"enemyexpansion:biter":2,"enemyexpansion:petriman":1,"enemyexpansion:intruder":1,"quark:toretoise":1,"enemyexpansion:goblin_fear":7},"minecraft:dropped":{"minecraft:torch":16,"minecraft:wooden_pickaxe":1},"minecraft:used":{"supplementaries:wind_vane":1,"creeperoverhaul:jungle_creeper_spawn_egg":2,"decorativeentities:zombie":2,"minecraft:netherite_sword":4,"friendsandfoes:mauler_spawn_egg":1,"iceandfire:silver_sword":58,"decorative_blocks:chain":7,"friendsandfoes:glare_spawn_egg":2,"minecraft:stone":1,"decorativeentities:creeper":1,"minecraft:diamond_ore":13,"minecraft:deepslate":2,"minecraft:torch":3,"minecraft:cobblestone":6,"decorativeentities:villager_shepherd":1,"adchimneys:stone_vent":2,"decorative_blocks:brazier":3,"iceandfire:dragonegg_red":1,"decorative_blocks:lattice":11,"minecraft:cobbled_deepslate":31,"adchimneys:stone_chimney":7,"adchimneys:pipe":1,"minecraft:experience_bottle":1}},"DataVersion":2975}