{"stats":{"minecraft:crafted":{"minecraft:wooden_pickaxe":1,"minecraft:golden_pickaxe":1,"minecraft:furnace":1,"iceandfire:armor_copper_metal_leggings":1,"minecraft:copper_ingot":14,"spartanweaponry:golden_scythe":1,"minecraft:bread":8,"minecraft:air":0,"iceandfire:armor_copper_metal_boots":1,"minecraft:iron_boots":1,"minecraft:stick":36,"quark:cobblestone_bricks":16,"minecraft:stone_pickaxe":2,"minecraft:stone_sword":1,"croptopia:flour":2,"minecraft:acacia_planks":36,"minecraft:torch":72,"minecraft:wheat":27},"minecraft:mined":{"minecraft:diamond_ore":5,"iceandfire:silver_ore":4,"minecraft:stone_brick_slab":5,"travelersbackpack:standard":4,"minecraft:glow_lichen":2,"minecraft:torch":17,"minecraft:granite":17,"minecraft:grass_block":4,"minecraft:chest":1,"minecraft:copper_ore":15,"minecraft:tall_grass":3,"minecraft:cobblestone":6,"minecraft:wall_torch":7,"minecraft:diorite":4,"minecraft:spawner":2,"minecraft:hay_block":3,"iceandfire:copper_ore":1,"minecraft:iron_ore":16,"minecraft:grass":15,"minecraft:pointed_dripstone":4,"minecraft:coal_ore":44,"minecraft:deepslate_iron_ore":7,"minecraft:dripstone_block":3,"minecraft:dirt":1,"minecraft:cracked_stone_bricks":2,"minecraft:stone":254,"minecraft:stone_bricks":2,"minecraft:deepslate":73,"minecraft:fern":3},"minecraft:dropped":{"minecraft:wheat_seeds":6,"minecraft:dripstone_block":3,"minecraft:pointed_dripstone":8,"minecraft:feather":1,"minecraft:cobblestone":4,"minecraft:rotten_flesh":1,"enemyexpansion:headbiter_helmet":1,"minecraft:oak_planks":15,"tconstruct:materials_and_you":1,"minecraft:diorite":4,"minecraft:torch":33,"minecraft:skeleton_skull":1,"minecraft:melon_seeds":1,"tconstruct:sky_slime_grass_seeds":3,"quark:forgotten_hat":1,"minecraft:stone_pickaxe":1,"minecraft:string":1},"minecraft:killed":{"enemyexpansion:scorpion":2,"enemyexpansion:biter":6,"enemyexpansion:petriman":10,"enemyexpansion:intruder":3,"enemyexpansion:piecrab":1,"enemyexpansion:silverking":2,"quark:toretoise":2,"enemyexpansion:huntsmanskeleton":1,"enemyexpansion:direwolf":1,"quark:forgotten":1,"enemyexpansion:bull":1,"seeds:waste":1,"minecraft:skeleton":6,"enemyexpansion:crawler":1,"enemyexpansion:meature":2,"alexsmobs:cockroach":1,"minecraft:zombie":1,"enemyexpansion:vampire":4,"minecraft:chicken":1,"minecraft:silverfish":19},"minecraft:broken":{"minecraft:leather_boots":1,"spartanweaponry:copper_scythe":1},"minecraft:used":{"alexsmobs:emu_egg":1,"minecraft:stone_sword":28,"minecraft:stone_pickaxe":201,"minecraft:wooden_pickaxe":32,"minecraft:cracked_stone_bricks":1,"minecraft:torch":66,"minecraft:dirt":2,"minecraft:note_block":1,"minecraft:dripstone_block":1,"minecraft:tuff":3,"minecraft:bread":21,"spartanweaponry:copper_scythe":208,"minecraft:iron_pickaxe":238,"minecraft:wooden_sword":26,"minecraft:cobblestone":5,"travelersbackpack:standard":12,"minecraft:furnace":1,"spartanweaponry:golden_scythe":12,"minecraft:cobbled_deepslate":64,"minecraft:acacia_planks":10,"minecraft:golden_pickaxe":12},"minecraft:custom":{"minecraft:interact_with_furnace":17,"minecraft:mob_kills":68,"minecraft:interact_with_crafting_table":27,"minecraft:open_barrel":34,"minecraft:leave_game":3,"minecraft:time_since_death":47859,"minecraft:climb_one_cm":8302,"minecraft:time_since_rest":47903,"minecraft:sprint_one_cm":279594,"minecraft:damage_taken":3862,"minecraft:walk_one_cm":395212,"minecraft:drop":37,"minecraft:damage_dealt":14320,"minecraft:play_noteblock":1,"minecraft:damage_dealt_absorbed":27,"minecraft:player_kills":1,"minecraft:swim_one_cm":3623,"minecraft:talked_to_villager":2,"minecraft:fly_one_cm":201482,"minecraft:open_chest":10,"minecraft:crouch_one_cm":5736,"minecraft:play_time":97794,"minecraft:deaths":2,"minecraft:sneak_time":1931,"minecraft:walk_under_water_one_cm":5672,"minecraft:jump":1708,"minecraft:walk_on_water_one_cm":24825,"minecraft:total_world_time":97794,"minecraft:fall_one_cm":45935},"minecraft:killed_by":{"minecraft:skeleton":1,"enemyexpansion:invisicreeper":1},"minecraft:picked_up":{"enemyexpansion:crab_pie":1,"minecraft:wheat":1,"minecraft:feather":1,"minecraft:chicken":1,"iceandfire:copper_ore":1,"tconstruct:materials_and_you":1,"enemyexpansion:headbiter_helmet":2,"minecraft:tuff":14,"minecraft:music_disc_cat":1,"minecraft:string":1,"minecraft:dirt":5,"minecraft:raw_copper":52,"quark:forgotten_hat":1,"minecraft:bone":12,"minecraft:stone_bricks":3,"minecraft:cracked_stone_bricks":1,"minecraft:wheat_seeds":6,"minecraft:cobbled_deepslate":82,"tconstruct:sky_slime_grass_seeds":3,"minecraft:beef":1,"minecraft:stone_pickaxe":1,"minecraft:oak_planks":20,"minecraft:iron_boots":1,"minecraft:egg":1,"minecraft:raw_iron":23,"spartanshields:iron_tower_shield":1,"spartanweaponry:copper_scythe":1,"minecraft:stone_brick_slab":5,"minecraft:torch":27,"minecraft:dripstone_block":4,"iceandfire:silver_ore":1,"minecraft:note_block":1,"minecraft:diorite":4,"minecraft:pointed_dripstone":8,"minecraft:mossy_cobblestone":1,"travelersbackpack:standard":4,"minecraft:arrow":9,"minecraft:rotten_flesh":2,"minecraft:diamond":3,"minecraft:hay_block":3,"minecraft:granite":17,"alexsmobs:emu_egg":1,"minecraft:melon_seeds":1,"minecraft:coal":43,"minecraft:skeleton_skull":1,"minecraft:cobblestone":252}},"DataVersion":2975}