{"stats":{"minecraft:crafted":{"minecraft:oak_planks":48,"minecraft:oak_wood":9,"minecraft:stone_axe":1,"minecraft:air":0,"minecraft:stick":4,"minecraft:iron_ingot":7,"minecraft:stone_pickaxe":3,"minecraft:cobbled_deepslate_stairs":32},"minecraft:mined":{"minecraft:tuff":1,"minecraft:acacia_leaves":2,"minecraft:cobbled_deepslate_stairs":4,"minecraft:oak_door":1,"minecraft:torch":3,"minecraft:acacia_log":16,"minecraft:oak_wood":1,"minecraft:copper_ore":1,"minecraft:cobblestone":3,"minecraft:oak_planks":18,"minecraft:diorite":62,"minecraft:wall_torch":1,"minecraft:iron_ore":2,"minecraft:cobbled_deepslate":7,"croptopia:peach_crop":1,"minecraft:grass":32,"croptopia:squash_crop":1,"minecraft:oak_log":38,"minecraft:deepslate_iron_ore":9,"minecraft:stone":73,"minecraft:oak_leaves":6,"minecraft:deepslate":212,"immersive_weathering:oak_leaf_pile":5},"minecraft:killed":{"enemyexpansion:huntsmanskeleton":1,"enemyexpansion:direwolf":2,"friendsandfoes:glare":1,"minecraft:chicken":1},"minecraft:dropped":{"minecraft:cobbled_deepslate":41,"minecraft:oak_wood":6},"minecraft:used":{"minecraft:stone_pickaxe":382,"minecraft:oak_planks":15,"minecraft:torch":7,"minecraft:crafting_table":1,"minecraft:oak_wood":4,"minecraft:cobbled_deepslate_stairs":36,"minecraft:wooden_axe":67,"minecraft:bread":4,"minecraft:barrel":1,"minecraft:stone_axe":17,"minecraft:wooden_sword":79,"croptopia:peach":1,"minecraft:cobblestone":16,"minecraft:andesite":1,"minecraft:cobbled_deepslate":126},"minecraft:broken":{"minecraft:stone_pickaxe":2,"minecraft:wooden_axe":1},"minecraft:custom":{"minecraft:interact_with_furnace":6,"minecraft:mob_kills":7,"minecraft:interact_with_crafting_table":11,"minecraft:open_barrel":1,"minecraft:leave_game":4,"minecraft:time_since_death":31189,"minecraft:climb_one_cm":761,"minecraft:time_since_rest":31213,"minecraft:sprint_one_cm":96338,"minecraft:damage_taken":1390,"minecraft:walk_one_cm":256088,"minecraft:drop":12,"minecraft:damage_dealt":1215,"minecraft:fly_one_cm":97873,"minecraft:open_chest":5,"minecraft:crouch_one_cm":2835,"minecraft:play_time":56742,"minecraft:deaths":5,"minecraft:sneak_time":694,"minecraft:jump":645,"minecraft:walk_on_water_one_cm":6140,"minecraft:total_world_time":56742,"minecraft:fall_one_cm":17103},"minecraft:picked_up":{"immersive_weathering:mossy_stone":1,"minecraft:crafting_table":1,"minecraft:feather":2,"minecraft:chicken":1,"croptopia:peach":3,"minecraft:andesite":2,"minecraft:leather":2,"minecraft:tuff":1,"minecraft:oak_log":38,"minecraft:cobbled_deepslate_stairs":4,"minecraft:string":1,"minecraft:raw_copper":4,"quark:music_disc_ocean":1,"minecraft:wheat_seeds":3,"croptopia:squash":1,"minecraft:cobbled_deepslate":235,"minecraft:acacia_sapling":1,"minecraft:oak_planks":18,"minecraft:egg":1,"minecraft:stick":4,"minecraft:raw_iron":11,"minecraft:oak_door":1,"minecraft:torch":8,"minecraft:acacia_log":16,"minecraft:diorite":61,"minecraft:barrel":1,"minecraft:oak_wood":2,"croptopia:squash_seed":1,"minecraft:cobblestone":88},"minecraft:killed_by":{"enemyexpansion:huntsmanskeleton":2,"enemyexpansion:invisicreeper":1}},"DataVersion":2975}