{"stats":{"minecraft:mined":{"minecraft:crafting_table":2,"minecraft:torch":2,"quark:cobblestone_bricks":1,"minecraft:ladder":3,"minecraft:grass_block":13,"minecraft:tall_grass":6,"minecraft:copper_ore":1,"minecraft:cobblestone":18,"minecraft:sugar_cane":3,"minecraft:oak_planks":22,"minecraft:seagrass":1,"minecraft:tall_seagrass":11,"minecraft:orange_tulip":1,"immersive_weathering:charred_planks":1,"minecraft:grass":17,"minecraft:oak_log":46,"minecraft:dirt":34,"immersive_weathering:ivy":3,"minecraft:stone":120,"minecraft:oak_leaves":6,"immersive_weathering:oak_leaf_pile":8},"minecraft:custom":{"minecraft:interact_with_furnace":6,"minecraft:mob_kills":7,"minecraft:interact_with_crafting_table":20,"minecraft:leave_game":2,"minecraft:time_since_death":35406,"minecraft:climb_one_cm":6193,"minecraft:time_since_rest":35406,"minecraft:sprint_one_cm":53931,"minecraft:damage_taken":147,"minecraft:walk_one_cm":103071,"minecraft:drop":2,"minecraft:damage_dealt":739,"minecraft:swim_one_cm":19400,"minecraft:fly_one_cm":43638,"minecraft:crouch_one_cm":11374,"minecraft:play_time":35406,"minecraft:sneak_time":3162,"minecraft:walk_under_water_one_cm":1434,"minecraft:jump":397,"minecraft:walk_on_water_one_cm":3419,"minecraft:total_world_time":35406,"minecraft:fall_one_cm":8451},"minecraft:dropped":{"minecraft:leather_helmet":1,"minecraft:stone_pickaxe":1},"minecraft:picked_up":{"minecraft:charcoal":1,"minecraft:crafting_table":2,"minecraft:ladder":3,"croptopia:peach":2,"minecraft:leather":5,"minecraft:oak_log":46,"minecraft:dirt":46,"minecraft:raw_copper":3,"minecraft:apple":2,"minecraft:orange_tulip":1,"minecraft:wheat_seeds":4,"minecraft:beef":3,"minecraft:sugar_cane":10,"minecraft:oak_planks":22,"minecraft:stick":1,"minecraft:cooked_porkchop":4,"minecraft:oak_door":1,"minecraft:torch":2,"quark:cobblestone_bricks":1,"minecraft:rotten_flesh":1,"croptopia:orange":4,"minecraft:oak_sapling":2,"minecraft:cobblestone":137},"minecraft:killed":{"capybaramod:capybara":1,"enemyexpansion:sprinter":1,"enemyexpansion:direwolf":1,"seeds:waste":1,"friendsandfoes:moobloom":2},"minecraft:crafted":{"minecraft:oak_door":3,"tconstruct:pickaxe":1,"tconstruct:pattern":9,"minecraft:oak_planks":108,"minecraft:cobblestone_slab":6,"tconstruct:part_builder":1,"minecraft:crafting_table":1,"minecraft:wooden_pickaxe":1,"minecraft:furnace":1,"tconstruct:tool_handle":1,"tconstruct:pick_head":1,"tconstruct:tool_binding":1,"minecraft:stone_axe":1,"minecraft:air":0,"tconstruct:tinker_station":1,"minecraft:ladder":4,"quark:cobblestone_bricks":48,"minecraft:stick":24,"minecraft:stone_pickaxe":1,"minecraft:torch":4,"immersive_weathering:charred_planks":1},"minecraft:used":{"immersive_weathering:charred_planks":1,"quark:cobblestone_bricks":25,"minecraft:stone_pickaxe":26,"minecraft:oak_planks":91,"minecraft:ladder":6,"minecraft:wooden_pickaxe":9,"minecraft:iron_sword":16,"minecraft:cobblestone_slab":1,"minecraft:oak_door":2,"minecraft:torch":7,"minecraft:dirt":17,"minecraft:crafting_table":3,"minecraft:oak_log":18,"tconstruct:tinker_station":1,"minecraft:stone_axe":80,"croptopia:peach":1,"minecraft:cobblestone":65,"minecraft:bow":1,"minecraft:furnace":1,"minecraft:oak_sapling":2,"minecraft:cooked_porkchop":2,"alexsmobs:animal_dictionary":1,"tconstruct:part_builder":1}},"DataVersion":2975}