{"stats":{"minecraft:crafted":{"minecraft:cobbled_deepslate_slab":6,"minecraft:oak_planks":44,"spartanweaponry:iron_scythe":1,"minecraft:cooked_chicken":8,"spartanshields:wooden_tower_shield":2,"iceandfire:dragon_stick":1,"iceandfire:armor_copper_metal_leggings":1,"iceandfire:armor_copper_metal_boots":1,"iceandfire:armor_copper_metal_helmet":1,"minecraft:hopper":1,"minecraft:iron_boots":1,"minecraft:stone_pickaxe":6,"iceandfire:armor_copper_metal_chestplate":1,"minecraft:wheat":342,"minecraft:emerald":13,"spartanweaponry:diamond_scythe":1,"spartanweaponry:pole":1,"minecraft:crafting_table":2,"minecraft:iron_helmet":1,"spartanshields:iron_tower_shield":2,"minecraft:iron_sword":2,"minecraft:copper_ingot":28,"minecraft:bread":42,"minecraft:air":0,"minecraft:jungle_planks":20,"minecraft:iron_chestplate":1,"minecraft:stick":40,"quark:oak_chest":2,"minecraft:iron_ingot":13,"minecraft:iron_pickaxe":4,"minecraft:iron_leggings":1,"minecraft:acacia_planks":8,"minecraft:torch":40},"minecraft:mined":{"iceandfire:lightning_lily":1,"quark:red_corundum":1,"minecraft:diamond_ore":2,"iceandfire:silver_ore":2,"minecraft:mossy_cobblestone":78,"immersive_weathering:acacia_leaf_pile":2,"minecraft:deepslate_diamond_ore":1,"minecraft:oak_door":2,"minecraft:glow_lichen":1,"minecraft:acacia_log":2,"minecraft:grass_block":9,"minecraft:chiseled_stone_bricks":1,"minecraft:spawner":4,"minecraft:hay_block":38,"minecraft:furnace":1,"immersive_weathering:mossy_stone":3,"minecraft:iron_ore":9,"minecraft:cobbled_deepslate":51,"supplementaries:gunpowder":1,"minecraft:bookshelf":4,"minecraft:deepslate_iron_ore":4,"immersive_weathering:silt":1,"minecraft:stone":284,"minecraft:orange_bed":1,"immersive_weathering:oak_leaf_pile":1,"quark:red_corundum_cluster":1,"wares:cardboard_box":3,"quark:oak_chest":1,"minecraft:melon_stem":1,"minecraft:stone_brick_slab":1,"croptopia:sweetpotato_crop":1,"minecraft:crafting_table":1,"minecraft:torch":31,"minecraft:note_block":1,"minecraft:chest":3,"minecraft:creeper_wall_head":2,"minecraft:cobblestone":122,"minecraft:lapis_ore":5,"minecraft:deepslate_gold_ore":4,"minecraft:diorite":99,"minecraft:wall_torch":21,"supplementaries:urn":7,"minecraft:wheat":49,"minecraft:creeper_head":1,"minecraft:grass":9,"minecraft:oak_log":11,"minecraft:coal_ore":75,"minecraft:zombie_head":1,"minecraft:dirt":8,"minecraft:cracked_stone_bricks":1,"minecraft:mossy_stone_bricks":2,"minecraft:oak_leaves":3,"minecraft:deepslate":447,"minecraft:fern":2},"minecraft:killed":{"enemyexpansion:biter":4,"capybaramod:capybara":1,"enemyexpansion:petriman":17,"quark:toretoise":3,"enemyexpansion:bull":3,"minecraft:skeleton":8,"enemyexpansion:errant":1,"minecraft:silverfish":13,"enemyexpansion:goblin":348,"enemyexpansion:tarantula":1,"minecraft:bat":2,"enemyexpansion:silverking":1,"enemyexpansion:huntsmanskeleton":1,"minecraft:creeper":2,"minecraft:zombie":2,"alexsmobs:cockroach":1,"enemyexpansion:vampire":6},"minecraft:dropped":{"spartanshields:iron_tower_shield":1,"minecraft:wheat_seeds":1,"wares:cardboard_box":9,"minecraft:cobblestone":3,"tconstruct:materials_and_you":1,"minecraft:torch":1,"minecraft:wooden_axe":1,"tconstruct:sky_slime_grass_seeds":1,"immersive_weathering:mossy_stone":1,"minecraft:iron_nugget":2,"minecraft:cobbled_deepslate":1,"spartanweaponry:copper_scythe":1,"minecraft:wheat":64,"minecraft:rotten_flesh":3,"minecraft:oak_planks":20,"spartanweaponry:diamond_scythe":1,"minecraft:pumpkin_seeds":1,"minecraft:chiseled_stone_bricks":1,"minecraft:melon_seeds":1,"minecraft:stone_bricks":6,"minecraft:bow":1},"minecraft:broken":{"minecraft:stone_pickaxe":3,"minecraft:iron_sword":1,"minecraft:iron_pickaxe":2},"minecraft:used":{"wares:cardboard_box":3,"minecraft:chest":3,"minecraft:iron_sword":302,"minecraft:creeper_head":3,"minecraft:cooked_chicken":1,"minecraft:oak_door":2,"minecraft:orange_bed":1,"minecraft:torch":132,"minecraft:dirt":13,"minecraft:hopper":1,"minecraft:tuff":6,"minecraft:stone_brick_slab":1,"minecraft:wooden_axe":16,"iceandfire:lightning_lily":1,"minecraft:gunpowder":1,"minecraft:beef":2,"minecraft:cobbled_deepslate":139,"minecraft:water_bucket":29,"minecraft:mossy_stone_bricks":2,"minecraft:stone_pickaxe":467,"minecraft:cracked_stone_bricks":2,"spartanshields:iron_tower_shield":2,"minecraft:mossy_cobblestone":16,"immersive_weathering:mossy_stone":1,"minecraft:crafting_table":3,"immersive_weathering:silt":1,"croptopia:sweetpotato":1,"spartanweaponry:diamond_scythe":464,"iceandfire:armor_copper_metal_chestplate":1,"quark:red_corundum_cluster":3,"minecraft:zombie_head":1,"minecraft:bread":55,"spartanweaponry:copper_scythe":6,"minecraft:iron_pickaxe":746,"quark:red_corundum":1,"minecraft:wooden_sword":22,"minecraft:cobblestone":194,"travelersbackpack:standard":5,"minecraft:cobbled_deepslate_slab":2,"minecraft:bucket":32,"quark:oak_chest":2,"spartanweaponry:iron_scythe":178,"minecraft:experience_bottle":381},"minecraft:custom":{"minecraft:mob_kills":414,"minecraft:interact_with_crafting_table":48,"minecraft:open_barrel":56,"minecraft:damage_dealt_resisted":2433,"minecraft:leave_game":4,"minecraft:time_since_death":182900,"minecraft:climb_one_cm":11883,"minecraft:sprint_one_cm":382213,"minecraft:walk_one_cm":518755,"minecraft:damage_blocked_by_shield":70,"minecraft:drop":27,"minecraft:play_noteblock":3,"minecraft:talked_to_villager":19,"minecraft:play_time":238452,"minecraft:deaths":3,"minecraft:sneak_time":7885,"minecraft:walk_under_water_one_cm":13294,"minecraft:jump":2689,"minecraft:walk_on_water_one_cm":29860,"minecraft:total_world_time":238452,"minecraft:interact_with_furnace":52,"minecraft:traded_with_villager":13,"minecraft:tune_noteblock":10,"minecraft:sleep_in_bed":2,"minecraft:time_since_rest":6331,"minecraft:damage_taken":3199,"minecraft:damage_dealt":58975,"minecraft:swim_one_cm":7211,"minecraft:fly_one_cm":397445,"minecraft:open_chest":93,"minecraft:crouch_one_cm":32150,"minecraft:interact_with_smoker":9,"minecraft:fall_one_cm":80063},"minecraft:killed_by":{"minecraft:player":1,"quark:forgotten":1,"enemyexpansion:invisicreeper":1},"minecraft:picked_up":{"iceandfire:dragon_skull_lightning":1,"minecraft:crafting_table":1,"minecraft:wheat":109,"minecraft:chicken":3,"minecraft:creeper_head":3,"tconstruct:materials_and_you":1,"croptopia:sweetpotato_seed":2,"minecraft:string":7,"minecraft:experience_bottle":80,"minecraft:zombie_head":1,"minecraft:cracked_stone_bricks":2,"minecraft:cobbled_deepslate":493,"minecraft:bucket":1,"minecraft:beef":7,"minecraft:iron_nugget":2,"minecraft:chest":4,"minecraft:furnace":1,"minecraft:raw_iron":13,"iceandfire:dragonbone":31,"minecraft:oak_door":2,"minecraft:torch":107,"minecraft:acacia_log":2,"iceandfire:silver_ore":1,"minecraft:diorite":97,"minecraft:carrot":1,"minecraft:orange_bed":1,"iceandfire:lightning_lily":1,"minecraft:arrow":14,"minecraft:rotten_flesh":6,"minecraft:hay_block":38,"supplementaries:ash":19,"wares:cardboard_box":9,"minecraft:cobblestone":416,"immersive_weathering:mossy_stone":2,"minecraft:glow_ink_sac":2,"minecraft:leather":2,"immersive_weathering:silt":1,"enemyexpansion:headbiter_helmet":1,"minecraft:tuff":10,"minecraft:oak_log":11,"supplementaries:flax_seeds":1,"minecraft:gunpowder":3,"minecraft:lapis_lazuli":38,"spartanweaponry:diamond_scythe":1,"minecraft:dirt":16,"quark:forgotten_hat":1,"minecraft:name_tag":1,"minecraft:bone":14,"minecraft:stone_bricks":6,"croptopia:sweetpotato":1,"minecraft:bow":1,"minecraft:wheat_seeds":131,"minecraft:raw_gold":4,"tconstruct:sky_slime_grass_seeds":1,"minecraft:iron_ingot":5,"minecraft:cobweb":2,"minecraft:mossy_stone_bricks":2,"minecraft:oak_planks":15,"minecraft:book":12,"quark:red_corundum_cluster":3,"minecraft:chiseled_stone_bricks":1,"minecraft:stone_brick_slab":1,"quark:oak_chest":1,"quark:red_corundum":1,"minecraft:mossy_cobblestone":78,"minecraft:pumpkin_seeds":2,"minecraft:diamond":5,"minecraft:golden_horse_armor":1,"minecraft:melon_seeds":3,"minecraft:coal":74}},"DataVersion":2975}