{"stats":{"minecraft:mined":{"minecraft:grass":3},"minecraft:used":{"minecraft:wooden_axe":3},"minecraft:custom":{"minecraft:jump":30,"minecraft:time_since_rest":3518,"minecraft:crouch_one_cm":63,"minecraft:leave_game":5,"minecraft:play_time":3518,"minecraft:sprint_one_cm":2262,"minecraft:damage_taken":9,"minecraft:time_since_death":3518,"minecraft:walk_one_cm":1590,"minecraft:sneak_time":5,"minecraft:total_world_time":3518,"minecraft:fall_one_cm":1672,"minecraft:fly_one_cm":9094}},"DataVersion":2975}