{"stats":{"minecraft:broken":{"minecraft:stone_pickaxe":4,"minecraft:wooden_sword":1},"minecraft:mined":{"minecraft:oak_door":1,"minecraft:jungle_leaves":2,"immersive_weathering:birch_leaf_pile":1,"minecraft:granite":6,"minecraft:grass_block":8,"minecraft:jungle_log":20,"minecraft:hay_block":5,"minecraft:furnace":1,"adchimneys:stone_chimney":4,"minecraft:cobbled_deepslate":27,"immersive_weathering:mossy_stone":1,"minecraft:iron_ore":28,"croptopia:tea_crop":1,"minecraft:barrel":5,"minecraft:andesite":8,"croptopia:peach_crop":4,"minecraft:deepslate_iron_ore":8,"minecraft:vine":1,"minecraft:stone":227,"immersive_weathering:oak_leaf_pile":5,"minecraft:orange_bed":3,"quark:oak_chest":2,"croptopia:sweetpotato_crop":1,"minecraft:crafting_table":5,"minecraft:torch":8,"minecraft:oak_wood":1,"minecraft:melon":7,"immersive_weathering:jungle_leaf_pile":4,"minecraft:tall_grass":5,"minecraft:copper_ore":21,"minecraft:cobblestone":22,"minecraft:oak_planks":7,"minecraft:diorite":28,"minecraft:wall_torch":11,"minecraft:birch_log":7,"minecraft:birch_leaves":2,"quark:deepslate_furnace":1,"minecraft:grass":43,"minecraft:oak_log":38,"minecraft:coal_ore":20,"minecraft:dirt":16,"minecraft:oak_leaves":9,"minecraft:deepslate":160,"minecraft:fern":1},"minecraft:picked_up":{"minecraft:crafting_table":5,"croptopia:peach":4,"minecraft:chest_minecart":2,"artifacts:bunny_hoppers":1,"croptopia:sweetpotato_seed":2,"minecraft:wooden_pickaxe":1,"minecraft:raw_copper":64,"minecraft:wooden_sword":1,"alexsmobs:emu_feather":2,"minecraft:cobbled_deepslate":238,"minecraft:beef":1,"minecraft:hopper_minecart":1,"minecraft:minecart":2,"minecraft:melon_slice":35,"minecraft:furnace":1,"minecraft:stick":8,"minecraft:raw_iron":35,"minecraft:oak_door":1,"minecraft:torch":44,"quark:deepslate_furnace":1,"minecraft:diorite":27,"minecraft:redstone":3,"minecraft:orange_bed":3,"minecraft:arrow":2,"minecraft:hay_block":4,"alexsmobs:emu_egg":1,"minecraft:glow_berries":1,"minecraft:cobblestone":254,"minecraft:rail":13,"minecraft:birch_log":7,"minecraft:andesite":7,"minecraft:jungle_log":20,"minecraft:leather":1,"croptopia:tea_leaves":1,"minecraft:tuff":1,"minecraft:oak_log":38,"minecraft:gunpowder":1,"minecraft:paper":14,"minecraft:dirt":43,"minecraft:bone":3,"croptopia:sweetpotato":1,"minecraft:wheat_seeds":4,"minecraft:oak_planks":7,"adchimneys:stone_chimney":4,"minecraft:amethyst_shard":20,"croptopia:tea_seed":2,"quark:oak_chest":2,"minecraft:barrel":4,"minecraft:oak_wood":10,"minecraft:granite":6,"alexsmobs:maggot":1,"minecraft:coal":24},"minecraft:custom":{"minecraft:mob_kills":11,"minecraft:interact_with_crafting_table":49,"minecraft:open_barrel":53,"minecraft:leave_game":11,"minecraft:time_since_death":51143,"minecraft:climb_one_cm":4000,"minecraft:sprint_one_cm":136901,"minecraft:walk_one_cm":347083,"minecraft:drop":18,"minecraft:damage_dealt_absorbed":100,"minecraft:play_time":96566,"minecraft:deaths":3,"minecraft:sneak_time":8023,"minecraft:walk_under_water_one_cm":2750,"minecraft:jump":991,"minecraft:walk_on_water_one_cm":10260,"minecraft:total_world_time":96566,"minecraft:interact_with_furnace":63,"minecraft:sleep_in_bed":1,"minecraft:time_since_rest":51171,"minecraft:damage_taken":1932,"minecraft:damage_dealt":2381,"minecraft:swim_one_cm":11612,"minecraft:fly_one_cm":142075,"minecraft:open_chest":29,"minecraft:crouch_one_cm":27965,"minecraft:fall_one_cm":28220},"minecraft:killed_by":{"friendsandfoes:mauler":1,"minecraft:skeleton":1,"enemyexpansion:invisicreeper":1},"minecraft:crafted":{"minecraft:oak_door":6,"tconstruct:pattern":6,"minecraft:oak_planks":92,"spartanweaponry:iron_scythe":1,"minecraft:iron_nugget":9,"minecraft:furnace":1,"iceandfire:armor_copper_metal_leggings":1,"quark:birch_ladder":4,"quark:deepslate_furnace":1,"iceandfire:armor_copper_metal_boots":1,"iceandfire:armor_copper_metal_helmet":1,"spartanshields:iron_basic_shield":1,"tconstruct:tinker_station":1,"minecraft:lantern":1,"minecraft:stone_pickaxe":4,"iceandfire:armor_copper_metal_chestplate":1,"minecraft:cobbled_deepslate_stairs":4,"minecraft:wheat":36,"spartanweaponry:pole":4,"minecraft:crafting_table":2,"minecraft:wooden_pickaxe":1,"minecraft:cobbled_deepslate_wall":6,"minecraft:copper_ingot":35,"minecraft:birch_planks":28,"minecraft:stone_axe":1,"minecraft:bread":12,"minecraft:air":0,"minecraft:jungle_planks":28,"minecraft:charcoal":7,"spartanweaponry:copper_scythe":1,"tconstruct:crafting_station":1,"minecraft:stick":52,"quark:oak_chest":2,"minecraft:iron_ingot":39,"minecraft:iron_pickaxe":1,"minecraft:wooden_axe":1,"spartanshields:wooden_basic_shield":1,"minecraft:torch":80},"minecraft:killed":{"enemyexpansion:petriman":3,"enemyexpansion:direwolf":2,"enemyexpansion:bull":1,"minecraft:skeleton":2,"friendsandfoes:glare":1,"minecraft:silverfish":1,"alexsmobs:emu":1,"alexsmobs:fly":1},"minecraft:dropped":{"minecraft:cobblestone":5,"minecraft:stick":4,"minecraft:wooden_axe":1,"minecraft:wooden_sword":1,"alexsmobs:maggot":1,"minecraft:tuff":1,"minecraft:oak_wood":4,"minecraft:andesite":2,"minecraft:wooden_pickaxe":2},"minecraft:used":{"alexsmobs:emu_egg":1,"iceandfire:armor_copper_metal_leggings":1,"minecraft:oak_door":6,"minecraft:orange_bed":3,"minecraft:torch":104,"minecraft:dirt":12,"minecraft:oak_wood":4,"minecraft:granite":5,"quark:birch_ladder":4,"minecraft:wooden_axe":7,"quark:deepslate_furnace":2,"minecraft:lantern":1,"tconstruct:tinker_station":1,"minecraft:barrel":4,"minecraft:furnace":2,"minecraft:cobbled_deepslate":194,"minecraft:cobbled_deepslate_wall":5,"minecraft:stone_pickaxe":522,"minecraft:oak_planks":47,"minecraft:wooden_pickaxe":48,"minecraft:rail":2,"minecraft:crafting_table":7,"croptopia:sweetpotato":1,"minecraft:cobbled_deepslate_stairs":4,"minecraft:oak_log":18,"iceandfire:armor_copper_metal_chestplate":1,"minecraft:bread":15,"minecraft:melon_slice":1,"spartanweaponry:copper_scythe":4,"minecraft:leather_helmet":1,"minecraft:stone_axe":115,"minecraft:wooden_sword":64,"minecraft:cobblestone":192,"tconstruct:crafting_station":1,"minecraft:andesite":1,"quark:oak_chest":4,"minecraft:chest_minecart":2}},"DataVersion":2975}