{
  "enemyexpansion:bro_think_he_carti": {
    "criteria": {
      "bro_think_he_carti": "2024-05-26 19:53:20 +0000"
    },
    "done": true
  },
  "cold_sweat:recipes/waterskin": {
    "criteria": {
      "has_recipe": "2024-05-26 19:27:22 +0000"
    },
    "done": true
  },
  "minecraft:adventure/kill_a_mob": {
    "criteria": {
      "minecraft:skeleton": "2024-05-26 19:46:58 +0000"
    },
    "done": true
  },
  "cold_sweat:recipes/thermolith": {
    "criteria": {
      "has_recipe": "2024-05-26 19:27:22 +0000"
    },
    "done": true
  },
  "minecraft:adventure/kill_all_mobs": {
    "criteria": {
      "minecraft:skeleton": "2024-05-26 19:46:58 +0000",
      "minecraft:creeper": "2024-05-26 20:08:42 +0000",
      "minecraft:silverfish": "2024-05-26 20:08:46 +0000",
      "minecraft:zombie": "2024-05-26 20:45:25 +0000"
    },
    "done": false
  },
  "spartanweaponry:collect_heads": {
    "criteria": {
      "skeleton_skull": "2024-05-26 19:46:59 +0000"
    },
    "done": false
  },
  "takesapillage:root": {
    "criteria": {
      "always": "2024-05-26 19:27:22 +0000"
    },
    "done": true
  },
  "cold_sweat:recipes/thermometer": {
    "criteria": {
      "has_recipe": "2024-05-26 19:27:22 +0000"
    },
    "done": true
  },
  "morevillagers:first_village": {
    "criteria": {
      "savanna": "2024-05-26 19:57:24 +0000"
    },
    "done": true
  },
  "spartanweaponry:root": {
    "criteria": {
      "has_pole": "2024-05-26 20:29:50 +0000"
    },
    "done": true
  },
  "tconstruct:tools/materials_and_you": {
    "criteria": {
      "crafted_book": "2024-05-26 19:27:22 +0000"
    },
    "done": true
  },
  "tconstruct:internal/starting_book": {
    "criteria": {
      "tick": "2024-05-26 19:27:22 +0000"
    },
    "done": true
  },
  "minecraft:story/obtain_armor": {
    "criteria": {
      "iron_boots": "2024-05-26 20:34:58 +0000"
    },
    "done": true
  },
  "minecraft:husbandry/balanced_diet": {
    "criteria": {
      "bread": "2024-05-26 19:35:44 +0000"
    },
    "done": false
  },
  "cold_sweat:root": {
    "criteria": {
      "requirement": "2024-05-26 19:27:22 +0000"
    },
    "done": true
  },
  "minecraft:story/mine_stone": {
    "criteria": {
      "get_stone": "2024-05-26 19:29:33 +0000"
    },
    "done": true
  },
  "friendsandfoes:misc/yellow_dye_from_buttercup": {
    "criteria": {
      "has_the_recipe": "2024-05-26 19:27:22 +0000"
    },
    "done": true
  },
  "enemyexpansion:vampire_slayer": {
    "criteria": {
      "vampire_slayer": "2024-05-26 20:10:17 +0000"
    },
    "done": true
  },
  "morevillagers:root": {
    "criteria": {
      "always": "2024-05-26 19:27:22 +0000"
    },
    "done": true
  },
  "minecraft:adventure/adventuring_time": {
    "criteria": {
      "minecraft:savanna_plateau": "2024-05-26 19:58:00 +0000",
      "minecraft:sparse_jungle": "2024-05-26 19:35:22 +0000",
      "minecraft:river": "2024-05-26 19:37:42 +0000",
      "minecraft:dripstone_caves": "2024-05-26 19:28:43 +0000",
      "minecraft:forest": "2024-05-26 19:28:10 +0000",
      "minecraft:savanna": "2024-05-26 19:38:36 +0000",
      "minecraft:plains": "2024-05-26 19:27:22 +0000"
    },
    "done": false
  },
  "seeds:first_mistake": {
    "criteria": {
      "first_mistake": "2024-05-26 19:34:42 +0000"
    },
    "done": true
  },
  "cold_sweat:recipes/soulspring_lamp": {
    "criteria": {
      "has_recipe": "2024-05-26 19:27:22 +0000"
    },
    "done": true
  },
  "cold_sweat:extreme_temps": {
    "criteria": {
      "requirement": "2024-05-26 19:27:22 +0000"
    },
    "done": true
  },
  "spartanweaponry:scythe": {
    "criteria": {
      "has_scythe": "2024-05-26 19:44:27 +0000"
    },
    "done": true
  },
  "iceandfire:iceandfire/root": {
    "criteria": {
      "tick": "2024-05-26 19:27:22 +0000"
    },
    "done": true
  },
  "minecraft:husbandry/root": {
    "criteria": {
      "consumed_item": "2024-05-26 19:35:44 +0000"
    },
    "done": true
  },
  "minecraft:story/iron_tools": {
    "criteria": {
      "iron_pickaxe": "2024-05-26 19:40:20 +0000"
    },
    "done": true
  },
  "cold_sweat:recipes/hoglin_armor": {
    "criteria": {
      "has_helm_recipe": "2024-05-26 19:27:22 +0000"
    },
    "done": true
  },
  "seeds:substainable": {
    "criteria": {
      "substainable": "2024-05-26 19:27:22 +0000"
    },
    "done": true
  },
  "minecraft:story/mine_diamond": {
    "criteria": {
      "diamond": "2024-05-26 20:38:11 +0000"
    },
    "done": true
  },
  "minecraft:story/upgrade_tools": {
    "criteria": {
      "stone_pickaxe": "2024-05-26 19:29:58 +0000"
    },
    "done": true
  },
  "minecraft:story/smelt_iron": {
    "criteria": {
      "iron": "2024-05-26 20:16:17 +0000"
    },
    "done": true
  },
  "iceandfire:iceandfire/dragon_staff": {
    "criteria": {
      "bestiary": "2024-05-26 20:31:17 +0000"
    },
    "done": true
  },
  "immersive_weathering:immersive_weathering/dirts": {
    "criteria": {
      "dirt": "2024-05-26 19:28:16 +0000"
    },
    "done": false
  },
  "minecraft:adventure/root": {
    "criteria": {
      "killed_something": "2024-05-26 19:42:17 +0000"
    },
    "done": true
  },
  "travelersbackpack:standard_from_custom": {
    "criteria": {
      "has_the_recipe": "2024-05-26 19:27:22 +0000"
    },
    "done": true
  },
  "morevillagers:all_villages": {
    "criteria": {
      "savanna": "2024-05-26 19:57:24 +0000"
    },
    "done": false
  },
  "DataVersion": 2975
}